{
  "title": "finalImputation.csv", 
  "url": "http://192.168.200.179:29512", 
  "latlonbox": {
    "max": {
      "location": [
        54.74858432186842, 
        136.3480224609375
      ]
    }, 
    "min": {
      "location": [
        12.33271773580635, 
        82.56768798828125
      ]
    }
  }, 
  "tilesurl": "http://{s}.tile.osm.org/{z}/{x}/{y}.png", 
  "heatmapmaxlevel": 25, 
  "div": {
    "info": {
      "opacity": 0.9, 
      "padding": 0, 
      "z-index": 1, 
      "right": "1ch", 
      "color": "white", 
      "position": "absolute", 
      "top": "1em", 
      "height": "1em"
    }, 
    "lv1": {
      "opacity": 0.8, 
      "right": "1ch", 
      "logaxis": false, 
      "height": "29em", 
      "width": "58ch", 
      "z-index": 1, 
      "displaynumcat": 20, 
      "margin-left": "32ch", 
      "position": "absolute", 
      "alpha_order": true, 
      "top": "3em", 
      "background-color": "#555"
    }, 
    "Type": {
      "opacity": 0.8,
      "right": "1ch",
      "logaxis": false,
      "height": "19em",
      "width": "58ch",
      "z-index": 1,
      "displaynumcat": 20,
      "margin-left": "12ch",
      "position": "absolute",
      "alpha_order": true,
      "top": "33em",
      "background-color": "#555"
    },
    "date": {
      "opacity": 0.8, 
      "bottom": "1em", 
      "height": "10em", 
      "width": "75%", 
      "z-index": 1, 
      "position": "absolute", 
      "background-color": "#555", 
      "left": "1ch"
    }, 
    "location": {
      "padding": 0, 
      "width": "100%", 
      "z-index": 0, 
      "float": "left", 
      "margin": 0, 
      "height": "100%"
    }
  }
}
