{
  "title": "Demo", 
  "url": "http://localhost:29512", 
  "latlonbox": {
    "max": {
      "location": [
        31.65819096367597, 
        109.26505126953125
      ]
    }, 
    "min": {
      "location": [
        28.505829569662966, 
        108.57698974609375
      ]
    }
  }, 
  "tilesurl": "http://{s}.tile.osm.org/{z}/{x}/{y}.png", 
  "heatmapmaxlevel": 25, 
  "div": {
    "info": {
      "opacity": 0.9, 
      "padding": 0, 
      "z-index": 1, 
      "right": "1ch", 
      "color": "white", 
      "position": "absolute", 
      "top": "1em", 
      "height": "1em"
    }, 
    "Type": {
      "opacity": 0.8, 
      "right": "1ch", 
      "logaxis": false, 
      "height": "29em", 
      "width": "58ch", 
      "z-index": 1, 
      "displaynumcat": 20, 
      "margin-left": "20ch", 
      "position": "absolute", 
      "alpha_order": true, 
      "top": "3em", 
      "background-color": "#555"
    }, 
    "Subregion": {
      "opacity": 0.8, 
      "right": "1ch", 
      "logaxis": false, 
      "height": "15em", 
      "width": "58ch", 
      "z-index": 1, 
      "displaynumcat": 20, 
      "margin-left": "15ch", 
      "position": "absolute", 
      "alpha_order": true, 
      "top": "33em", 
      "background-color": "#555"
    }, 
    "location": {
      "padding": 0, 
      "width": "100%", 
      "z-index": 0, 
      "float": "left", 
      "margin": 0, 
      "height": "100%"
    }
  }
}
